INCOME,mean,sem
CE01,-0.08907084320724372,0.004768647813411155
CE02,-0.09672424016298177,0.003711166223279361
CE03,-0.08631750912581435,0.002852798920483635
