RACE,mean,sem
CR01,-0.08917942876302665,0.0022686360837329477
CR02,-0.1157297682694857,0.010675459987438449
CR04,-0.13297232784102228,0.014534487235601103
