SEX,mean,sem
CS01,-0.287859787877069,0.0033275006553154956
CS02,-0.3050519851659401,0.003203592381821699
