AGE,mean,sem
CA01,-0.30745315707885695,0.006125597330490188
CA02,-0.29343033576695643,0.002951155997203539
CA03,-0.30604676494446803,0.005884077597079103
