AGE,mean,sem
CA01,-0.5936678121995858,0.006095161715800716
CA02,-0.580554786818877,0.0030057969864711927
CA03,-0.5906916222913896,0.005885823910858692
