INCOME,mean,sem
CE01,-0.3265618258475632,0.005939020458127606
CE02,-0.2818975243045371,0.004336147924182878
CE03,-0.2955938476176563,0.003285850881621638
