SEX,mean,sem
CS01,-0.07677710871694676,0.0029145951718877582
CS02,-0.10023476567319363,0.002566965138179639
