RACE,mean,sem
CR01,-0.5832952123965394,0.0027278098261377284
CR02,-0.6068434306206972,0.014508781221916137
CR04,-0.7432073801861834,0.01566123704315794
