AGE,mean,sem
CA01,-0.0895437395704526,0.005319071945474637
CA02,-0.08565386719726623,0.0025010004357515513
CA03,-0.10781392052571653,0.004288539779128542
