RACE,mean,sem
CR01,-0.2928233099307465,0.0027041317977212877
CR02,-0.40358949949588574,0.01313790903804102
CR04,-0.5239193751899011,0.014162382063579906
