INCOME,mean,sem
CE01,-0.5650928182742975,0.0058112287760325254
CE02,-0.5583253370169513,0.004564756544990068
CE03,-0.6048499255160558,0.003379570904468238
