SEX,mean,sem
CS01,-0.5691309744146048,0.0034802347492472237
CS02,-0.5970326779959984,0.003155344578450933
